Precision,Recall,Thresholds
0.5121951219512195,1.0,0.05762470900726
1.0,0.9047619047619048,0.9982350783274978
1.0,0.0,