Precision,Recall,Thresholds
0.9995032290114257,1.0,0.05762470900726
1.0,0.9990059642147118,0.9982350783274978
1.0,0.0,
