Precision,Recall,Thresholds
0.986628211851075,1.0,0.0
0.9996677740863787,0.7996279564177518,0.988673139158576
1.0,0.0,