Precision,Recall,Thresholds
0.9876348920863309,1.0,0.0
0.9988603988603989,0.7980878670612338,0.988673139158576
1.0,0.0,

