Precision,Recall,Thresholds
0.9829096346934416,1.0,0.0
0.9972774298938197,0.7961312758096066,0.988673139158576
1.0,0.0,