FPR,TPR,Thresholds
0.0,0.0,inf
0.0,0.9047619047619048,0.9982350783274978
1.0,1.0,0.05762470900726