FPR,TPR,Thresholds
0.0,0.0,inf
0.0,0.9990059642147118,0.9982350783274978
1.0,1.0,0.05762470900726