FPR,TPR,Thresholds
0.0,0.0,inf
0.07272727272727272,0.7980878670612338,0.988673139158576
1.0,1.0,0.0