FPR,TPR,Thresholds
0.0,0.0,inf
0.0196078431372549,0.7996279564177518,0.988673139158576
1.0,1.0,0.0