FPR,TPR,Thresholds
0.0,0.0,inf
0.125,0.7961312758096066,0.988673139158576
1.0,1.0,0.0